﻿<?xml version="1.0" encoding="utf-8"?>
<Node Name="Святогор" Prefix="1" Id="0" Code="">
  <Node Name="ГОРНЫЙ ЦЕХ" Prefix="GTS" Code="" Id="1">
    <Node Name="Дробильно-сортировочная фабрика" Prefix="1" Code="1" Id="2">
      <Sensor Id="1" Name="B1A1C10_C" Type="MM" Description="(3)Б-ли Содержание SO2 на вых с туманоуловителя2 Бр.улов. СКЦ1 (%)" UserDescription="B1A1C10_C[MM](3)Б-ли Содержание SO2 на вых с туманоуловителя2 Бр.улов. СКЦ1 (%)" Prefix="1" />
      <Sensor Id="2" Name="B1A1C7_C" Type="MM" Description="(3)Б-ли Содержание SO2 на вых с туманоуловителя1 Бр.улов. СКЦ1 (%)" UserDescription="B1A1C7_C[MM](3)Б-ли Содержание SO2 на вых с туманоуловителя1 Бр.улов. СКЦ1 (%)" Prefix="1" />
      <Sensor Id="3" Name="B1A1K1_K" Type="MM" Description="(3)Б-ли Степень контактирования 1 системы (%)" UserDescription="B1A1K1_K[MM](3)Б-ли Степень контактирования 1 системы (%)" Prefix="1" />
      <Sensor Id="4" Name="B1A1K2_K" Type="MM" Description="(3)Б-ли Степень контактирования 2 системы (%)" UserDescription="B1A1K2_K[MM](3)Б-ли Степень контактирования 2 системы (%)" Prefix="1" />
      <Sensor Id="5" Name="B1A1P11_P" Type="MM" Description="(3)Б-ли P на турбокомпрессоре 1 КОМПР ОТД СКЦ1 (мм.рт.ст)" UserDescription="B1A1P11_P[MM](3)Б-ли P на турбокомпрессоре 1 КОМПР ОТД СКЦ1 (мм.рт.ст)" Prefix="1" />
      <Sensor Id="6" Name="B1A1P12_P" Type="MM" Description="(3)Б-ли Давление на турбокомпрессоре 2 КОМПР ОТД СКЦ1 (мм.рт.ст)" UserDescription="B1A1P12_P[MM](3)Б-ли Давление на турбокомпрессоре 2 КОМПР ОТД СКЦ1 (мм.рт.ст)" Prefix="1" />
      <Sensor Id="7" Name="B1A1P13_P" Type="MM" Description="(3)Б-ли P на турбокомпрессоре 3 КОМПР ОТД СКЦ1 (мм.рт.ст)" UserDescription="B1A1P13_P[MM](3)Б-ли P на турбокомпрессоре 3 КОМПР ОТД СКЦ1 (мм.рт.ст)" Prefix="1" />
      <Sensor Id="8" Name="B1A1P14_P" Type="MM" Description="(3)Б-ли P на турбокомпрессоре 4 КОМПР ОТД СКЦ1 (мм.рт.ст)" UserDescription="B1A1P14_P[MM](3)Б-ли P на турбокомпрессоре 4 КОМПР ОТД СКЦ1 (мм.рт.ст)" Prefix="1" />
      <Sensor Id="9" Name="B1A1P15_P" Type="MM" Description="(3)Б-ли P на турбокомпрессоре 5 КОМПР ОТД СКЦ1 (кгс/м2)" UserDescription="B1A1P15_P[MM](3)Б-ли P на турбокомпрессоре 5 КОМПР ОТД СКЦ1 (кгс/м2)" Prefix="1" />
      <Sensor Id="10" Name="B1A1P16_P" Type="MM" Description="(3)Перепад давл SO2 по системе 1 (кгс/м2)" UserDescription="B1A1P16_P[MM](3)Перепад давл SO2 по системе 1 (кгс/м2)" Prefix="1" />
      <Sensor Id="11" Name="B1A1P2_P" Type="MM" Description="(3)Б-ли P газа на входе в туманоуловитель1 (кгс/м2)" UserDescription="B1A1P2_P[MM](3)Б-ли P газа на входе в туманоуловитель1 (кгс/м2)" Prefix="1" />
      <Sensor Id="12" Name="B1A1P37_P" Type="MM" Description="(3)Перепад давл SO2 по системе 2 (кгс/м2)" UserDescription="B1A1P37_P[MM](3)Перепад давл SO2 по системе 2 (кгс/м2)" Prefix="1" />
      <Sensor Id="13" Name="B1A1P4_P" Type="MM" Description="(3)Б-ли P газа на входе в туманоуловитель2 (кгс/м2)" UserDescription="B1A1P4_P[MM](3)Б-ли P газа на входе в туманоуловитель2 (кгс/м2)" Prefix="1" />
      <Sensor Id="14" Name="B1A1P42_P" Type="MM" Description="(3)Б-ли P сжатого воздуха КОМПР ОТД СКЦ1 (кгс/см2)" UserDescription="B1A1P42_P[MM](3)Б-ли P сжатого воздуха КОМПР ОТД СКЦ1 (кгс/см2)" Prefix="1" />
      <Sensor Id="15" Name="B1A1P47_P" Type="MM" Description="(3)Б-ли Разрежение на всасе турбокомпрессора 1 (мм.рт.ст.)" UserDescription="B1A1P47_P[MM](3)Б-ли Разрежение на всасе турбокомпрессора 1 (мм.рт.ст.)" Prefix="1" />
      <Sensor Id="16" Name="B1A1P48_P" Type="MM" Description="(3)Б-ли Разрежение на всасе турбокомпрессора 2 (мм.рт.ст.)" UserDescription="B1A1P48_P[MM](3)Б-ли Разрежение на всасе турбокомпрессора 2 (мм.рт.ст.)" Prefix="1" />
      <Sensor Id="17" Name="B1A1P49_P" Type="MM" Description="(3)Б-ли Разрежение на всасе турбокомпрессора 3 (мм.рт.ст.)" UserDescription="B1A1P49_P[MM](3)Б-ли Разрежение на всасе турбокомпрессора 3 (мм.рт.ст.)" Prefix="1" />
      <Sensor Id="18" Name="B1A1P50_P" Type="MM" Description="(3)Б-ли Разрежение на всасе турбокомпрессора 4 (мм.рт.ст.)" UserDescription="B1A1P50_P[MM](3)Б-ли Разрежение на всасе турбокомпрессора 4 (мм.рт.ст.)" Prefix="1" />
      <Sensor Id="19" Name="B1A1P51_P" Type="MM" Description="(3)Б-ли Разрежение на всасе турбокомпрессора 5 (мм.рт.ст.)" UserDescription="B1A1P51_P[MM](3)Б-ли Разрежение на всасе турбокомпрессора 5 (мм.рт.ст.)" Prefix="1" />
      <Sensor Id="20" Name="B1A1P6_P" Type="MM" Description="(3)Б-ли P газа на выходе с туманоуловителя1 (кгс/м2)" UserDescription="B1A1P6_P[MM](3)Б-ли P газа на выходе с туманоуловителя1 (кгс/м2)" Prefix="1" />
      <Sensor Id="21" Name="B1A1P8_P" Type="MM" Description="(3)Б-ли P газа на выходе с туманоуловителя 2 (кгс/см2)" UserDescription="B1A1P8_P[MM](3)Б-ли P газа на выходе с туманоуловителя 2 (кгс/см2)" Prefix="1" />
      <Sensor Id="22" Name="B1A1Q41_Q" Type="MM" Description="(3)Б-ли dP сжатого воздуха 3-й корпус СКЦ1 (кгс/м2)" UserDescription="B1A1Q41_Q[MM](3)Б-ли dP сжатого воздуха 3-й корпус СКЦ1 (кгс/м2)" Prefix="1" />
      <Sensor Id="23" Name="B1A1Q44_Q" Type="MM" Description="(3)ККО- dP промышленной воды ККО СКЦ1 (кгс/м2)" UserDescription="B1A1Q44_Q[MM](3)ККО- dP промышленной воды ККО СКЦ1 (кгс/м2)" Prefix="1" />
      <Sensor Id="24" Name="B1A1Q45_Q" Type="MS" Description="(3)ККО- Q пром. воды на охл ТК ККО СКЦ1 (м3/ч)" UserDescription="B1A1Q45_Q[MS](3)ККО- Q пром. воды на охл ТК ККО СКЦ1 (м3/ч)" Prefix="1" />
      <Sensor Id="25" Name="B1A1Q46_Q" Type="MS" Description="(3)ККО- Q салд.воды на ПО ККО СКЦ1 (м3/ч)" UserDescription="B1A1Q46_Q[MS](3)ККО- Q салд.воды на ПО ККО СКЦ1 (м3/ч)" Prefix="1" />
      <Sensor Id="26" Name="B1A1Q53_Q" Type="MS" Description="(3)ККО- Q промышленной воды ККО СКЦ1 (м3/ч)" UserDescription="B1A1Q53_Q[MS](3)ККО- Q промышленной воды ККО СКЦ1 (м3/ч)" Prefix="1" />
      <Sensor Id="27" Name="B1A1Q63Q" Type="MS" Description="(3)Q сжатого воздуха КОМПР СКЦ1 (м3/ч)" UserDescription="B1A1Q63Q[MS](3)Q сжатого воздуха КОМПР СКЦ1 (м3/ч)" Prefix="1" />
      <Sensor Id="28" Name="B1A1T1_T" Type="MM" Description="(3)Б-ли T газа на входе в туманоуловитель1 (°C)" UserDescription="B1A1T1_T[MM](3)Б-ли T газа на входе в туманоуловитель1 (°C)" Prefix="1" />
      <Sensor Id="29" Name="B1A1T17_T" Type="MM" Description="(3)Б-ли T подшипника 1 турбокомпрессора 1 (мм.рт.ст)" UserDescription="B1A1T17_T[MM](3)Б-ли T подшипника 1 турбокомпрессора 1 (мм.рт.ст)" Prefix="1" />
      <Sensor Id="30" Name="B1A1T18_T" Type="MM" Description="(3)Б-ли T подшипника 2 турбокомпрессора 1 (°C)" UserDescription="B1A1T18_T[MM](3)Б-ли T подшипника 2 турбокомпрессора 1 (°C)" Prefix="1" />
      <Sensor Id="31" Name="B1A1T19_T" Type="MM" Description="(3)Б-ли T подшипника 3 турбокомпрессора 1 (°C)" UserDescription="B1A1T19_T[MM](3)Б-ли T подшипника 3 турбокомпрессора 1 (°C)" Prefix="1" />
      <Sensor Id="32" Name="B1A1T20_T" Type="MM" Description="(3)Б-ли T подшипника 4 турбокомпрессора 1 (°C)" UserDescription="B1A1T20_T[MM](3)Б-ли T подшипника 4 турбокомпрессора 1 (°C)" Prefix="1" />
      <Sensor Id="33" Name="B1A1T21_T" Type="MM" Description="(3)Б-ли T подшипника 1 турбокомпрессора 2 (°C)" UserDescription="B1A1T21_T[MM](3)Б-ли T подшипника 1 турбокомпрессора 2 (°C)" Prefix="1" />
      <Sensor Id="34" Name="B1A1T22_T" Type="MM" Description="(3)Б-ли T подшипника 2 турбокомпрессора 2 (°C)" UserDescription="B1A1T22_T[MM](3)Б-ли T подшипника 2 турбокомпрессора 2 (°C)" Prefix="1" />
      <Sensor Id="35" Name="B1A1T23_T" Type="MM" Description="(3)Б-ли T подшипника 3 турбокомпрессора 2 (°C)" UserDescription="B1A1T23_T[MM](3)Б-ли T подшипника 3 турбокомпрессора 2 (°C)" Prefix="1" />
      <Sensor Id="36" Name="B1A1T24_T" Type="MM" Description="(3)Б-ли T подшипника 4 турбокомпрессора 2 (°C)" UserDescription="B1A1T24_T[MM](3)Б-ли T подшипника 4 турбокомпрессора 2 (°C)" Prefix="1" />
      <Sensor Id="37" Name="B1A1T25_T" Type="MM" Description="(3)Б-ли T подшипника 1 турбокомпрессора 3 (°C)" UserDescription="B1A1T25_T[MM](3)Б-ли T подшипника 1 турбокомпрессора 3 (°C)" Prefix="1" />
      <Sensor Id="38" Name="B1A1T26_T" Type="MM" Description="(3)Б-ли T подшипника 2 турбокомпрессора 3 (°C)" UserDescription="B1A1T26_T[MM](3)Б-ли T подшипника 2 турбокомпрессора 3 (°C)" Prefix="1" />
      <Sensor Id="39" Name="B1A1T27_T" Type="MM" Description="(3)Б-ли T подшипника 3 турбокомпрессора 3 (°C)" UserDescription="B1A1T27_T[MM](3)Б-ли T подшипника 3 турбокомпрессора 3 (°C)" Prefix="1" />
      <Sensor Id="40" Name="B1A1T28_T" Type="MM" Description="(3)Б-ли T подшипника 4 турбокомпрессора 3 (°C)" UserDescription="B1A1T28_T[MM](3)Б-ли T подшипника 4 турбокомпрессора 3 (°C)" Prefix="1" />
      <Sensor Id="41" Name="B1A1T29_T" Type="MM" Description="(3)Б-ли T подшипника 1 турбокомпрессора 4 (°C)" UserDescription="B1A1T29_T[MM](3)Б-ли T подшипника 1 турбокомпрессора 4 (°C)" Prefix="1" />
      <Sensor Id="42" Name="B1A1T3_T" Type="MM" Description="(3)Б-ли T газа на входе в туманоуловитель2 (°C)" UserDescription="B1A1T3_T[MM](3)Б-ли T газа на входе в туманоуловитель2 (°C)" Prefix="1" />
      <Sensor Id="43" Name="B1A1T30_T" Type="MM" Description="(3)Б-ли T подшипника 2 турбокомпрессора 4 (°C)" UserDescription="B1A1T30_T[MM](3)Б-ли T подшипника 2 турбокомпрессора 4 (°C)" Prefix="1" />
      <Sensor Id="44" Name="B1A1T31_T" Type="MM" Description="(3)Б-ли T подшипника 3 турбокомпрессора 4 (°C)" UserDescription="B1A1T31_T[MM](3)Б-ли T подшипника 3 турбокомпрессора 4 (°C)" Prefix="1" />
      <Sensor Id="45" Name="B1A1T32_T" Type="MM" Description="(3)Б-ли T подшипника 4 турбокомпрессора 4 (°C)" UserDescription="B1A1T32_T[MM](3)Б-ли T подшипника 4 турбокомпрессора 4 (°C)" Prefix="1" />
      <Sensor Id="46" Name="B1A1T33_T" Type="MM" Description="(3)Б-ли T подшипника 1 турбокомпрессора 5 (°C)" UserDescription="B1A1T33_T[MM](3)Б-ли T подшипника 1 турбокомпрессора 5 (°C)" Prefix="1" />
      <Sensor Id="47" Name="B1A1T34_T" Type="MM" Description="(3)Б-ли T подшипника 2 турбокомпрессора 5 (°C)" UserDescription="B1A1T34_T[MM](3)Б-ли T подшипника 2 турбокомпрессора 5 (°C)" Prefix="1" />
      <Sensor Id="48" Name="B1A1T35_T" Type="MM" Description="(3)Б-ли T подшипника 3 турбокомпрессора 5 (°C)" UserDescription="B1A1T35_T[MM](3)Б-ли T подшипника 3 турбокомпрессора 5 (°C)" Prefix="1" />
      <Sensor Id="49" Name="B1A1T36_T" Type="MM" Description="(3)Б-ли T подшипника 4 турбокомпрессора 5 (°C)" UserDescription="B1A1T36_T[MM](3)Б-ли T подшипника 4 турбокомпрессора 5 (°C)" Prefix="1" />
      <Sensor Id="50" Name="B1A1T38P" Type="MM" Description="(3)Б-ли Разрежение сис1 (кгс/м2)" UserDescription="B1A1T38P[MM](3)Б-ли Разрежение сис1 (кгс/м2)" Prefix="1" />
      <Sensor Id="51" Name="B1A1T39P" Type="MM" Description="(3)Б-ли Разрежение сис2 (кгс/м2)" UserDescription="B1A1T39P[MM](3)Б-ли Разрежение сис2 (кгс/м2)" Prefix="1" />
      <Sensor Id="52" Name="B1A1T43_T" Type="MM" Description="(3)Б-ли T сжатого воздуха (°C)" UserDescription="B1A1T43_T[MM](3)Б-ли T сжатого воздуха (°C)" Prefix="1" />
      <Sensor Id="53" Name="B1A1T5_T" Type="MM" Description="(3)Б-ли T газа на выходе с туманоуловителя 1 (°C)" UserDescription="B1A1T5_T[MM](3)Б-ли T газа на выходе с туманоуловителя 1 (°C)" Prefix="1" />
      <Sensor Id="54" Name="B1A1T55I" Type="MM" Description="(3)Б-ли  нагрузка нагнетателя 1 (A)" UserDescription="B1A1T55I[MM](3)Б-ли  нагрузка нагнетателя 1 (A)" Prefix="1" />
      <Sensor Id="55" Name="B1A1T56I" Type="MM" Description="(3)Б-ли  нагрузка нагнетателя 2 (A)" UserDescription="B1A1T56I[MM](3)Б-ли  нагрузка нагнетателя 2 (A)" Prefix="1" />
      <Sensor Id="56" Name="B1A1T57I" Type="MM" Description="(3)Б-ли  нагрузка нагнетателя 3 (A)" UserDescription="B1A1T57I[MM](3)Б-ли  нагрузка нагнетателя 3 (A)" Prefix="1" />
      <Sensor Id="57" Name="B1A1T58I" Type="MM" Description="(3)Б-ли  нагрузка нагнетателя 4 (A)" UserDescription="B1A1T58I[MM](3)Б-ли  нагрузка нагнетателя 4 (A)" Prefix="1" />
      <Sensor Id="58" Name="B1A1T59I" Type="MM" Description="(3)Б-ли  нагрузка нагнетателя 5 (A)" UserDescription="B1A1T59I[MM](3)Б-ли  нагрузка нагнетателя 5 (A)" Prefix="1" />
      <Sensor Id="59" Name="B1A1T9_T" Type="MM" Description="(3)Б-ли T газа на вых. c туманоуловителя 2 (°C)" UserDescription="B1A1T9_T[MM](3)Б-ли T газа на вых. c туманоуловителя 2 (°C)" Prefix="1" />
      <Sensor Id="60" Name="B1A1V63V" Type="MM" Description="(3)Б-ли  Вибрация подш. 3 ТК1 (мм)" UserDescription="B1A1V63V[MM](3)Б-ли  Вибрация подш. 3 ТК1 (мм)" Prefix="1" />
      <Sensor Id="61" Name="B1A1V64V" Type="MM" Description="(3)Б-ли  Вибрация подш. 4 ТК1 (мм)" UserDescription="B1A1V64V[MM](3)Б-ли  Вибрация подш. 4 ТК1 (мм)" Prefix="1" />
      <Sensor Id="62" Name="B1A1V73V" Type="MM" Description="(3)Б-ли  Вибрация подш. 3 ТК2 (мм)" UserDescription="B1A1V73V[MM](3)Б-ли  Вибрация подш. 3 ТК2 (мм)" Prefix="1" />
      <Sensor Id="63" Name="B1A1V74V" Type="MM" Description="(3)Б-ли  Вибрация подш. 4 ТК2 (мм)" UserDescription="B1A1V74V[MM](3)Б-ли  Вибрация подш. 4 ТК2 (мм)" Prefix="1" />
      <Sensor Id="64" Name="B1A1V75V" Type="MM" Description="(3)Б-ли  Вибрация подш. 3 ТК3 (мм)" UserDescription="B1A1V75V[MM](3)Б-ли  Вибрация подш. 3 ТК3 (мм)" Prefix="1" />
      <Sensor Id="65" Name="B1A1V76V" Type="MM" Description="(3)Б-ли  Вибрация подш. 4 ТК3 (мм)" UserDescription="B1A1V76V[MM](3)Б-ли  Вибрация подш. 4 ТК3 (мм)" Prefix="1" />
      <Sensor Id="66" Name="B1A1V77V" Type="MM" Description="(3)Б-ли  Вибрация подш. 3 ТК4 (мм)" UserDescription="B1A1V77V[MM](3)Б-ли  Вибрация подш. 3 ТК4 (мм)" Prefix="1" />
      <Sensor Id="67" Name="B1A1V78V" Type="MM" Description="(3)Б-ли  Вибрация подш. 4 ТК4 (мм)" UserDescription="B1A1V78V[MM](3)Б-ли  Вибрация подш. 4 ТК4 (мм)" Prefix="1" />
      <Sensor Id="68" Name="B1A1V79V" Type="MM" Description="(3)Б-ли  Вибрация подш. 3 ТК5 (мм)" UserDescription="B1A1V79V[MM](3)Б-ли  Вибрация подш. 3 ТК5 (мм)" Prefix="1" />
      <Sensor Id="69" Name="B1A1V80V" Type="MM" Description="(3)Б-ли  Вибрация подш. 4 ТК5 (мм)" UserDescription="B1A1V80V[MM](3)Б-ли  Вибрация подш. 4 ТК5 (мм)" Prefix="1" />
      <Sensor Id="70" Name="B1A52_T" Type="MM" Description="(3)Б-ли Т-ра на вых. с брызг. N1 (°C)" UserDescription="B1A52_T[MM](3)Б-ли Т-ра на вых. с брызг. N1 (°C)" Prefix="1" />
      <Sensor Id="71" Name="B1A53_T" Type="MM" Description="(3)Б-ли  Т-ра на вых. с брызг. N2 (°C)" UserDescription="B1A53_T[MM](3)Б-ли  Т-ра на вых. с брызг. N2 (°C)" Prefix="1" />
      <Sensor Id="72" Name="B1D1S11S" Type="MS" Description="Состояние компрессора 1 ВКЛ/ВЫКЛ" UserDescription="B1D1S11S[MS]Состояние компрессора 1 ВКЛ/ВЫКЛ" Prefix="1" />
      <Sensor Id="73" Name="B1D1S12S" Type="MS" Description="Состояние компрессора 2 ВКЛ/ВЫКЛ" UserDescription="B1D1S12S[MS]Состояние компрессора 2 ВКЛ/ВЫКЛ" Prefix="1" />
      <Sensor Id="74" Name="B1D1S13S" Type="MS" Description="Состояние компрессора 3 ВКЛ/ВЫКЛ" UserDescription="B1D1S13S[MS]Состояние компрессора 3 ВКЛ/ВЫКЛ" Prefix="1" />
      <Sensor Id="75" Name="B1D1S14S" Type="MS" Description="Состояние компрессора 4 ВКЛ/ВЫКЛ" UserDescription="B1D1S14S[MS]Состояние компрессора 4 ВКЛ/ВЫКЛ" Prefix="1" />
      <Sensor Id="76" Name="B1D1S15S" Type="MS" Description="Состояние компрессора 5 ВКЛ/ВЫКЛ" UserDescription="B1D1S15S[MS]Состояние компрессора 5 ВКЛ/ВЫКЛ" Prefix="1" />
    </Node>
  </Node>
  <Node Name="ПРОМПЛОЩАДКА" Prefix="1" Code="" Id="3">
    <Node Name="Металлургический цех" Prefix="MTS" Code="" Id="4">
      <Node Name="Конвертерное отделение" Prefix="1" Code="1" Id="5">
      </Node>
      <Node Name="Обжиговое отделение" Prefix="1" Code="2" Id="6" />
      <Node Name="Плавильное отделение" Prefix="1" Code="3" Id="7" />
      <Node Name="Отделение пылегазоулавливания (ПГУ)" Prefix="1" Code="4" Id="8" />
      <Node Name="Отделение подготовки сырья и шихты" Prefix="1" Code="5" Id="9" />
      <Node Name="Установка испарительного охлаждения" Prefix="1" Code="6" Id="10" />
      <Node Name="Участок сушки и рассева руды" Prefix="1" Code="7" Id="11" />
      <Node Name="Общецеховые" Prefix="1" Code="8" Id="12" />
      <Node Name="Цех производства строительного кирпича" Prefix="SKC" Code="" Id="13" />
    </Node>
    <Node Name="Обогатительная фабрика" Prefix="OFC" Code="" Id="14">
      <Node Name="Дробильное отделение" Prefix="1" Code="KD" Id="15" />
      <Node Name="Отделение измельчения и флотации" Prefix="1" Code="2" Id="16" />
      <Node Name="Отделение обезвоживания и сушки" Prefix="1" Code="3" Id="17" />
      <Node Name="Участок приготовления известкового молока" Prefix="1" Code="4" Id="18" />
      <Node Name="Участок обжига извести" Prefix="1" Code="5" Id="19" />
      <Node Name="Участок хвостового хозяйства и очистки промышленных сточных вод" Prefix="1" Code="6" Id="20" />
    </Node>
    <Node Name="Сернокислотный цех" Prefix="STS" Code="" Id="21">
      <Node Name="Первое отделение СКЦ-1" Prefix="SC1" Code="" Id="22">
        <Node Name="Корпус газопромывателей" Prefix="1" Code="1" Id="23">
        </Node>
        <Node Name="Промывное отделение" Prefix="1" Code="2" Id="24" />
        <Node Name="Корпус абсорбции (сушильно абсорбционное отделение)" Prefix="1" Code="3" Id="25" />
        <Node Name="Компрессорное отделение" Prefix="1" Code="4" Id="26" />
        <Node Name="Склад готовой продукции" Prefix="1" Code="5" Id="27" />
        <Node Name="Сульфитное отделение" Prefix="1" Code="6" Id="28" />
      </Node>
      <Node Name="Второе отделение СКЦ-2" Prefix="SC2" Code="" Id="29">
        <Node Name="Корпус газопромывателей" Prefix="1" Code="1" Id="30" />
        <Node Name="Промывное отделение" Prefix="1" Code="2" Id="31" />
        <Node Name="Корпус абсорбции (сушильно-абсорбционное отделение)" Prefix="1" Code="3" Id="32" />
        <Node Name="Компрессорное отделение" Prefix="1" Code="4" Id="33" />
        <Node Name="Склад готовой продукции" Prefix="1" Code="5" Id="34" />
      </Node>
      <Node Name="Участок нейтрализации серной кислоты" Prefix="UNS" Code="" Id="35">
        <Node Name="Отделение нейтрализации" Prefix="1" Code="1" Id="36" />
        <Node Name="Отделение обезвоживания" Prefix="1" Code="2" Id="37" />
        <Node Name="Отделение раскачки ж/д цистерн" Prefix="1" Code="3" Id="38" />
      </Node>
      <Node Name="Энергетический цех" Prefix="ETS" Code="" Id="39">
        <Node Name="Котельная химического производства" Prefix="1" Code="1" Id="40" />
        <Node Name="Котельная железнодорожного цеха" Prefix="1" Code="2" Id="41" />
        <Node Name="Центральная компрессорная станция" Prefix="1" Code="3" Id="42" />
        <Node Name="Электроремонтный участок" Prefix="1" Code="4" Id="43" />
        <Node Name="Насосная станция шахтного водозабора Салдинка" Prefix="1" Code="5" Id="44" />
        <Node Name="Участок газоснабжения" Prefix="1" Code="6" Id="45" />
        <Node Name="Очистные сооружения «Кузня»" Prefix="1" Code="7" Id="46" />
      </Node>
      <Node Name="Ремонтно-механический завод" Prefix="RMZ" Code="" Id="47">
        <Node Name="Котельно-сварочный участок № 1" Prefix="1" Code="1" Id="48" />
        <Node Name="Котельно-сварочный участок № 2" Prefix="1" Code="2" Id="49" />
        <Node Name="Кузница" Prefix="1" Code="3" Id="50" />
        <Node Name="Модельный участок" Prefix="1" Code="4" Id="51" />
        <Node Name="Участок защитных покрытий" Prefix="1" Code="5" Id="52" />
        <Node Name="Участок подготовки лома черных металлов" Prefix="1" Code="6" Id="53" />
        <Node Name="Механосборочный участок" Prefix="1" Code="7" Id="54" />
        <Node Name="Монтажный цех" Prefix="1" Code="8" Id="55" />
      </Node>
    </Node>
    <Node Name="Железнодорожный цех" Prefix="ZTS" Code="" Id="56">
      <Node Name="Тепляк № 1" Prefix="1" Code="1" Id="57" />
      <Node Name="Тепляк № 2" Prefix="1" Code="2" Id="58" />
    </Node>
    <Node Name="Цех автомобильного транспорта" Prefix="ATC" Code="" Id="59">
      <Node Name="Рудный двор" Prefix="1" Code="1" Id="60" />
    </Node>
    <Node Name="Вспомогательные подразделения" Prefix="VSP" Code="" Id="61">
      <Node Name="Химическая лаборатория" Prefix="1" Code="01" Id="62" />
      <Node Name="ООО «Динобель» - 1" Prefix="1" Code="02" Id="63" />
      <Node Name="ООО «Динобель» - 2" Prefix="1" Code="04" Id="64" />
      <Node Name="Цех связи - 1" Prefix="1" Code="05" Id="65" />
      <Node Name="Цех связи - 2" Prefix="1" Code="06" Id="66" />
      <Node Name="ЦОП - 1" Prefix="1" Code="07" Id="67" />
      <Node Name="ЦОП - 2" Prefix="1" Code="08" Id="68" />
      <Node Name="ЦОП - 3" Prefix="1" Code="09" Id="69" />
      <Node Name="ЦОП - 4" Prefix="1" Code="10" Id="70" />
      <Node Name="Управление" Prefix="1" Code="11" Id="71" />
      <Node Name="ООО КБО" Prefix="1" Code="12" Id="72" />
      <Node Name="Наружное освещение" Prefix="1" Code="13" Id="73" />
      <Node Name="Санитарная лаборатория" Prefix="1" Code="14" Id="74" />
      <Node Name="Святогорстрой - 1" Prefix="1" Code="15" Id="75" />
      <Node Name="Святогорстрой - 2" Prefix="1" Code="16" Id="76" />
    </Node>
  </Node>
  <Node Name="Производственный комплекс АО «Святогор»" Prefix="SVG" Code="" Id="77" />
  <Node Name="Общее потребление сторонними организациями" Prefix="1" Code="STR" Id="78" />
  <Node Name="Итоговое потребление" Prefix="ESM" Code="" Id="79" />
</Node>