﻿<?xml version="1.0" encoding="utf-8"?>
<Node Name="Святогор" Prefix="" Id="0" Code="">
  <Node Name="ГОРНЫЙ ЦЕХ" Prefix="GTS" Code="" Id="1">
    <Node Name="Дробильно-сортировочная фабрика" Prefix="" Code="1" Id="2">
      <Sensor Name="Sensor1" Type="Temperature" Description="25" Formula="25" />
      <Sensor Name="Sensor2" Type="Temperature" Description="25" Formula="25" />
      <Sensor Name="S1E1F01F" Type="MM" Description="(16) Электрофильтр 1, напряжение (кВ)" Formula="440" />
      <Sensor Name="S1E1F03F" Type="MM" Description="(16) Электрофильтр 2, напряжение (кВ)" Formula="442" />
      <Sensor Name="S1E1F05F" Type="MM" Description="(16) Электрофильтр 3, напряжение (кВ)" Formula="444" />
      <Sensor Name="S1E1F07F" Type="MM" Description="(16) Электрофильтр 4, напряжение (кВ)" Formula="446" />
      <Sensor Name="S1E1F09F" Type="MM" Description="(16) Электрофильтр 5, напряжение (кВ)" Formula="448" />
      <Sensor Name="S1E1F11F" Type="MM" Description="(16) Электрофильтр 6, напряжение (кВ)" Formula="449" />
      <Sensor Name="S1E1F13F" Type="MM" Description="(16) Электрофильтр 7, напряжение (кВ)" Formula="451" />
      <Sensor Name="S1E1F15F" Type="MM" Description="(16) Электрофильтр 8, напряжение (кВ)" Formula="453" />
      <Sensor Name="S1E1F17F" Type="MM" Description="(16) Электрофильтр 9, напряжение (кВ)" Formula="455" />
      <Sensor Name="S1E1F19F" Type="MM" Description="(16) Электрофильтр 10, напряжение (кВ)" Formula="457" />
      <Sensor Name="S1E1F21F" Type="MM" Description="(16) Электрофильтр 11, напряжение (кВ)" Formula="459" />
      <Sensor Name="S1E1F23F" Type="MM" Description="(16) Электрофильтр 12, напряжение (кВ)" Formula="461" />
    </Node>
  </Node>
  <Node Name="ПРОМПЛОЩАДКА" Prefix="" Code="" Id="3">
    <Node Name="Металлургический цех" Prefix="MTS" Code="" Id="4">
      <Node Name="Конвертерное отделение" Prefix="" Code="1" Id="5">
        <Sensor Name="Sensor3" Type="Temperature" Description="25" Formula="25" />
      </Node>
      <Node Name="Обжиговое отделение" Prefix="" Code="2" Id="6" />
      <Node Name="Плавильное отделение" Prefix="" Code="3" Id="7" />
      <Node Name="Отделение пылегазоулавливания (ПГУ)" Prefix="" Code="4" Id="8" />
      <Node Name="Отделение подготовки сырья и шихты" Prefix="" Code="5" Id="9" />
      <Node Name="Установка испарительного охлаждения" Prefix="" Code="6" Id="10" />
      <Node Name="Участок сушки и рассева руды" Prefix="" Code="7" Id="11" />
      <Node Name="Общецеховые" Prefix="" Code="8" Id="12" />
      <Node Name="Цех производства строительного кирпича" Prefix="SKC" Code="" Id="13" />
    </Node>
    <Node Name="Обогатительная фабрика" Prefix="OFC" Code="" Id="14">
      <Node Name="Дробильное отделение" Prefix="" Code="KD" Id="15" />
      <Node Name="Отделение измельчения и флотации" Prefix="" Code="2" Id="16" />
      <Node Name="Отделение обезвоживания и сушки" Prefix="" Code="3" Id="17" />
      <Node Name="Участок приготовления известкового молока" Prefix="" Code="4" Id="18" />
      <Node Name="Участок обжига извести" Prefix="" Code="5" Id="19" />
      <Node Name="Участок хвостового хозяйства и очистки промышленных сточных вод" Prefix="" Code="6" Id="20" />
    </Node>
    <Node Name="Сернокислотный цех" Prefix="STS" Code="" Id="21">
      <Node Name="Первое отделение СКЦ-1" Prefix="SC1" Code="" Id="22">
        <Node Name="Корпус газопромывателей" Prefix="" Code="1" Id="23" />
        <Node Name="Промывное отделение" Prefix="" Code="2" Id="24" />
        <Node Name="Корпус абсорбции (сушильно абсорбционное отделение)" Prefix="" Code="3" Id="25" />
        <Node Name="Компрессорное отделение" Prefix="" Code="4" Id="26" />
        <Node Name="Склад готовой продукции" Prefix="" Code="5" Id="27" />
        <Node Name="Сульфитное отделение" Prefix="" Code="6" Id="28" />
      </Node>
      <Node Name="Второе отделение СКЦ-2" Prefix="SC2" Code="" Id="29">
        <Node Name="Корпус газопромывателей" Prefix="" Code="1" Id="30" />
        <Node Name="Промывное отделение" Prefix="" Code="2" Id="31" />
        <Node Name="Корпус абсорбции (сушильно-абсорбционное отделение)" Prefix="" Code="3" Id="32" />
        <Node Name="Компрессорное отделение" Prefix="" Code="4" Id="33" />
        <Node Name="Склад готовой продукции" Prefix="" Code="5" Id="34" />
      </Node>
      <Node Name="Участок нейтрализации серной кислоты" Prefix="UNS" Code="" Id="35">
        <Node Name="Отделение нейтрализации" Prefix="" Code="1" Id="36" />
        <Node Name="Отделение обезвоживания" Prefix="" Code="2" Id="37" />
        <Node Name="Отделение раскачки ж/д цистерн" Prefix="" Code="3" Id="38" />
      </Node>
      <Node Name="Энергетический цех" Prefix="ETS" Code="" Id="39">
        <Node Name="Котельная химического производства" Prefix="" Code="1" Id="40" />
        <Node Name="Котельная железнодорожного цеха" Prefix="" Code="2" Id="41" />
        <Node Name="Центральная компрессорная станция" Prefix="" Code="3" Id="42" />
        <Node Name="Электроремонтный участок" Prefix="" Code="4" Id="43" />
        <Node Name="Насосная станция шахтного водозабора Салдинка" Prefix="" Code="5" Id="44" />
        <Node Name="Участок газоснабжения" Prefix="" Code="6" Id="45" />
        <Node Name="Очистные сооружения «Кузня»" Prefix="" Code="7" Id="46" />
      </Node>
      <Node Name="Ремонтно-механический завод" Prefix="RMZ" Code="" Id="47">
        <Node Name="Котельно-сварочный участок № 1" Prefix="" Code="1" Id="48" />
        <Node Name="Котельно-сварочный участок № 2" Prefix="" Code="2" Id="49" />
        <Node Name="Кузница" Prefix="" Code="3" Id="50" />
        <Node Name="Модельный участок" Prefix="" Code="4" Id="51" />
        <Node Name="Участок защитных покрытий" Prefix="" Code="5" Id="52" />
        <Node Name="Участок подготовки лома черных металлов" Prefix="" Code="6" Id="53" />
        <Node Name="Механосборочный участок" Prefix="" Code="7" Id="54" />
        <Node Name="Монтажный цех" Prefix="" Code="8" Id="55" />
      </Node>
    </Node>
    <Node Name="Железнодорожный цех" Prefix="ZTS" Code="" Id="56">
      <Node Name="Тепляк № 1" Prefix="" Code="1" Id="57" />
      <Node Name="Тепляк № 2" Prefix="" Code="2" Id="58" />
    </Node>
    <Node Name="Цех автомобильного транспорта" Prefix="ATC" Code="" Id="59">
      <Node Name="Рудный двор" Prefix="" Code="1" Id="60" />
    </Node>
    <Node Name="Вспомогательные подразделения" Prefix="VSP" Code="" Id="61">
      <Node Name="Химическая лаборатория" Prefix="" Code="01" Id="62" />
      <Node Name="ООО «Динобель» - 1" Prefix="" Code="02" Id="63" />
      <Node Name="ООО «Динобель» - 2" Prefix="" Code="04" Id="64" />
      <Node Name="Цех связи - 1" Prefix="" Code="05" Id="65" />
      <Node Name="Цех связи - 2" Prefix="" Code="06" Id="66" />
      <Node Name="ЦОП - 1" Prefix="" Code="07" Id="67" />
      <Node Name="ЦОП - 2" Prefix="" Code="08" Id="68" />
      <Node Name="ЦОП - 3" Prefix="" Code="09" Id="69" />
      <Node Name="ЦОП - 4" Prefix="" Code="10" Id="70" />
      <Node Name="Управление" Prefix="" Code="11" Id="71" />
      <Node Name="ООО КБО" Prefix="" Code="12" Id="72" />
      <Node Name="Наружное освещение" Prefix="" Code="13" Id="73" />
      <Node Name="Санитарная лаборатория" Prefix="" Code="14" Id="74" />
      <Node Name="Святогорстрой - 1" Prefix="" Code="15" Id="75" />
      <Node Name="Святогорстрой - 2" Prefix="" Code="16" Id="76" />
    </Node>
  </Node>
  <Node Name="Производственный комплекс АО «Святогор»" Prefix="SVG" Code="" Id="77" />
  <Node Name="Общее потребление сторонними организациями" Prefix="" Code="STR" Id="78" />
  <Node Name="Итоговое потребление" Prefix="ESM" Code="" Id="79" />
</Node>